{
    "temperatura_maxima": 25.006500244140625,
    "temperatura_minima": 8.201499938964844,
    "temperatura_mitjana": 15.907958507537842
}